<?xml version="1.0" encoding="utf-8" ?>
<ThinkTrees>



	<ThinkTreeDef>
		<defName>theThing</defName>
		<thinkRoot Class="ThinkNode_Priority">
      <subNodes>
        <!-- Keep lying down if we have to -->
				<li Class="ThinkNode_ConditionalMustKeepLyingDown">
					<subNodes>
            <li Class="JobGiver_KeepLyingDown" />
          </subNodes>
        </li>
        
        <li Class="ThinkNode_Subtree">
          <treeDef>Downed</treeDef>
        </li>
        <li Class="ThinkNode_Subtree">
          <treeDef>BurningResponse</treeDef>
        </li>
        <li Class="ThinkNode_Subtree">
          <treeDef>MentalStateCritical</treeDef>
        </li>
        
        <!-- React to close melee threat -->
				<li Class="JobGiver_ReactToCloseMeleeThreat" />
				
        <li Class="MoreIncidents.JobGiver_Kill"/>
        <li Class="MoreIncidents.JobGiver_Segmentation"/>

        <!-- Wild animals dig out if no path to map edge and starving -->
        <li Class="ThinkNode_ConditionalHasFaction">
          <invert>true</invert>
          <subNodes>
            <li Class="ThinkNode_ConditionalStarving">
              <subNodes>
                <li Class="ThinkNode_ConditionalBodySize">
                  <min>0.7</min>
                  <subNodes>
                    <li Class="ThinkNode_Subtree">
                      <treeDef>DigOutIfCannotReachMapEdge</treeDef>
                    </li>
                  </subNodes>
                </li>
              </subNodes>
            </li>
          </subNodes>
        </li>
        
        <!-- Leave if timed out -->
        <li Class="ThinkNode_ConditionalExitTimedOut">
          <subNodes>
            <li Class="JobGiver_ExitMapRandom">
              <defaultLocomotion>Walk</defaultLocomotion>     
          </li>
          </subNodes>
        </li>

        <!-- Mental state non critical -->
        <li Class="ThinkNode_Subtree">
          <treeDef>MentalStateNonCritical</treeDef>
        </li>

        <!-- Forced goto -->
        <li Class="ThinkNode_ConditionalForcedGoto">
          <subNodes>
            <li Class="JobGiver_ForcedGoto" />
          </subNodes>
        </li>
        
				<!-- Lord directives -->
        <li Class="ThinkNode_Subtree">
          <treeDef>LordDuty</treeDef>
        </li>
        
        <!-- Insertion hook for modders -->
        <li Class="ThinkNode_SubtreesByTag">
          <insertTag>Animal_PreMain</insertTag>
        </li>

        <!-- Wild animals leave map in some conditions -->
        <li Class="ThinkNode_ConditionalHasFaction">
          <invert>true</invert>
          <subNodes>
            <li Class="ThinkNode_Subtree">
              <treeDef>LeaveIfWrongSeason</treeDef>
            </li>
            <li Class="ThinkNode_Subtree">
              <treeDef>LeaveIfStarving</treeDef>
            </li>
          </subNodes>
        </li>

        <!-- Lay eggs you need to -->
        <li Class="JobGiver_LayEgg" />

        <!-- Tame animal -->
        <li Class="ThinkNode_ConditionalColonyFaction">
          <subNodes>
            <!-- Trained behavior: obedience: Follow and defend master -->
            <li Class="ThinkNode_ConditionalTrainableCompleted">
              <trainable>Obedience</trainable>
              <subNodes>
                <li Class="ThinkNode_ConditionalShouldFollowMaster" >
                  <subNodes>
                    <li Class="JobGiver_AIFollowMaster"/>
                    <li Class="JobGiver_AIDefendMaster">
                      <attackMeleeThreatEvenIfNotHostile>true</attackMeleeThreatEvenIfNotHostile>
                    </li>
                    <li Class="JobGiver_WanderNearMaster" />
                  </subNodes>
                </li>
              </subNodes>
            </li>

            <!-- Trained behavior: Rescue-->
            <li Class="ThinkNode_ConditionalTrainableCompleted">
              <trainable>Rescue</trainable>
              <subNodes>
                <li Class="JobGiver_RescueNearby">
                  <radius>30</radius>
                </li>
              </subNodes>
            </li>

            <!-- Take care of critical needs (below rescue - so heroic!)-->
            <li Class="JobGiver_PatientGoToBed" />
            <li Class="JobGiver_SeekAllowedArea" />
            <li Class="JobGiver_SeekSafeTemperature" />
            
          </subNodes>
        </li>
        
        <li Class="ThinkNode_PrioritySorter">
          <subNodes>
            <li Class="JobGiver_GetFood"/>
            <li Class="JobGiver_GetRest"/>
          </subNodes>
        </li>

        <!-- Tame animal: do useful things for the colony-->
        <li Class="ThinkNode_ConditionalHasFaction">
          <subNodes>
            
            <!-- Try to mate -->
            <li Class="ThinkNode_ChancePerHour_Mate">
              <subNodes>
                <li Class="JobGiver_Mate" />
              </subNodes>
            </li>

            <!-- Nuzzle randoms -->
            <li Class="ThinkNode_ChancePerHour_Nuzzle">
              <subNodes>
                <li Class="JobGiver_Nuzzle" />
              </subNodes>
            </li>

            <!-- Trained behavior: Haul-->
            <li Class="ThinkNode_ChancePerHour_Constant">
              <mtbHours>1.5</mtbHours>
              <subNodes>
                <li Class="ThinkNode_ConditionalTrainableCompleted">
                  <trainable>Haul</trainable>
                  <subNodes>
                    <li Class="JobGiver_Haul" />
                  </subNodes>
                </li>
              </subNodes>
            </li>

          </subNodes>
        </li>

        <!-- Insertion hook for modders -->
        <li Class="ThinkNode_SubtreesByTag">
          <insertTag>Animal_PreWander</insertTag>
        </li>
        
        <!-- Tame animal: wander colony -->
        <li Class="ThinkNode_ConditionalColonyFaction">
          <subNodes>
            <li Class="JobGiver_WanderColony">
              <maxDanger>None</maxDanger>
              <ticksBetweenWandersRange>
                <min>120</min>
                <max>240</max>
              </ticksBetweenWandersRange>
            </li>
          </subNodes>
        </li>
        
        <!-- Of neutral faction: rest and then exit the map -->
        <li Class="ThinkNode_ConditionalNeutralFaction">
          <subNodes>
            <li Class="JobGiver_PatientGoToBed" />
            <li Class="JobGiver_ExitMapBest">
              <defaultLocomotion>Walk</defaultLocomotion>
            </li>
          </subNodes>
        </li>
        
        <li Class="ThinkNode_ConditionalHerdAnimal">
          <subNodes>
            <li Class="JobGiver_WanderHerd">
              <maxDanger>Deadly</maxDanger>
              <ticksBetweenWandersRange>
                <min>120</min>
                <max>240</max>
              </ticksBetweenWandersRange>
            </li>
          </subNodes>
        </li>
        
        
        <li Class="JobGiver_WanderAnywhere">
          <maxDanger>Deadly</maxDanger>
          <ticksBetweenWandersRange>
            <min>120</min>
            <max>240</max>
          </ticksBetweenWandersRange>    
        </li>

        <li Class="JobGiver_IdleError"/>
      </subNodes>
		</thinkRoot>
	</ThinkTreeDef>

</ThinkTrees>