<?xml version="1.0" encoding="utf-8" ?>
<Defs>

	<!-- ====== Abomination ===== -->
	<ThingDef ParentName="BasePawn">
		<defName>Abomination</defName>
		<thingClass>MoreIncidents.Pawn_theThing</thingClass>
		<label>Abomination</label>
		<description>Abominations are slow, hulking, relentless manifestations of flesh. Their bodies twist and contort to heal even major wounds quickly. Their mangled maw seeps with toxic bile. They will consume and assimilate, corpse by corpse.</description>
		    <statBases>
			  <Mass>80</Mass>
			  <MoveSpeed>2.1</MoveSpeed>
			  <Flammability>1</Flammability>
			  <ArmorRating_Blunt>0</ArmorRating_Blunt>
			  <ArmorRating_Sharp>0</ArmorRating_Sharp>
			  <ArmorRating_Electric>0</ArmorRating_Electric>
			  <ArmorRating_Heat>0</ArmorRating_Heat>
			  <MeatAmount>400</MeatAmount>
			  <LeatherAmount>300</LeatherAmount>
			  <ComfyTemperatureMin>-198</ComfyTemperatureMin>
			  <ComfyTemperatureMax>98</ComfyTemperatureMax>
			  <ImmunityGainSpeed>5</ImmunityGainSpeed>
			</statBases>
		<verbs>
      <li>
        <verbClass>Verb_MeleeAttack</verbClass>
        <defaultCooldownTime>1.6</defaultCooldownTime>
        <meleeDamageBaseAmount>15</meleeDamageBaseAmount>
        <meleeDamageDef>ToxicBite</meleeDamageDef>
        <linkedBodyPartsGroup>HeadAttackTool</linkedBodyPartsGroup>
      </li>
    </verbs>
		<race>
			<intelligence>ToolUser</intelligence>
			<thinkTreeMain>theThing</thinkTreeMain>
			<body>QuadrupedAnimalWithHooves</body>
			<needsRest>false</needsRest>
			<makesFootprints>true</makesFootprints>
			<manhunterOnDamageChance>0</manhunterOnDamageChance>
			<hasGenders>true</hasGenders>
			<foodType>None</foodType>
			<lifeExpectancy>10</lifeExpectancy>
			<baseBodySize>2</baseBodySize>
			<baseHealthScale>7</baseHealthScale>
			<meatLabel>Human Flesh</meatLabel>
			<leatherLabel>Human Skin</leatherLabel>
			<leatherColor>(211,194,143)</leatherColor>
			<leatherCommonalityFactor>0.01</leatherCommonalityFactor>
			<leatherInsulation>0.95</leatherInsulation>
			<leatherMarketValueFactor>8</leatherMarketValueFactor>
			<leatherStatFactors>
				<Beauty>0</Beauty>
				<MarketValue>1.3</MarketValue>
				<ArmorRating_Blunt>1.15</ArmorRating_Blunt>
				<ArmorRating_Sharp>1.1</ArmorRating_Sharp>
				<ArmorRating_Electric>1.4</ArmorRating_Electric>
				<ArmorRating_Heat>1.2</ArmorRating_Heat>
				<Insulation_Cold>1.1</Insulation_Cold>
				<Insulation_Heat>0.77</Insulation_Heat>
				<ArmorRating_Heat>1.0</ArmorRating_Heat>
				<WorkToMake>1</WorkToMake>
				<BedRestEffectiveness>1.0</BedRestEffectiveness>
				<ImmunityGainSpeedFactor>0.9</ImmunityGainSpeedFactor>
      </leatherStatFactors>
      <lifeStageAges>
        <li>
          <def>MechanoidFullyFormed</def>
          <minAge>0</minAge>
		  <soundWounded>Pawn_Muffalo_Wounded</soundWounded>
		  <soundDeath>Pawn_Muffalo_Death</soundDeath>
        </li>
      </lifeStageAges>
		  <soundMeleeHitPawn>Pawn_Melee_BigBash_HitPawn</soundMeleeHitPawn>
		  <soundMeleeHitBuilding>Pawn_Melee_BigBash_HitBuilding</soundMeleeHitBuilding>
		  <soundMeleeMiss>Pawn_Melee_BigBash_Miss</soundMeleeMiss>
		</race>
	</ThingDef>
</Defs>